"URL","Title","Content Length","Depth","Crawled At","Is Relevant","Content Preview"
https://bulbapedia.bulbagarden.net/wiki/bulbasaur,Bulbasaur (Pokémon) - Bulbapedia, the community-driven Pokémon encyclopedia,49130,0,2025-10-08T23:48:05.063Z,true,"Bulbasaur (Pokémon) From Bulbapedia, the community-driven Pokémon encyclopedia. (Redirected from Bulbasaur) Jump to navigationJump to search For Pokémon GO information on this species, see the game's ..."
https://bulbapedia.bulbagarden.net/wiki/bulbasaur#column-one,Bulbasaur (Pokémon) - Bulbapedia, the community-driven Pokémon encyclopedia,49130,1,2025-10-08T23:48:06.437Z,true,"Bulbasaur (Pokémon) From Bulbapedia, the community-driven Pokémon encyclopedia. (Redirected from Bulbasaur) Jump to navigationJump to search For Pokémon GO information on this species, see the game's ..."
https://bulbapedia.bulbagarden.net/wiki/bulbasaur#searchInput,Bulbasaur (Pokémon) - Bulbapedia, the community-driven Pokémon encyclopedia,49130,1,2025-10-08T23:48:07.799Z,true,"Bulbasaur (Pokémon) From Bulbapedia, the community-driven Pokémon encyclopedia. (Redirected from Bulbasaur) Jump to navigationJump to search For Pokémon GO information on this species, see the game's ..."
https://bulbapedia.bulbagarden.net/wiki/bulbasaur#Pok%C3%A9mon_GO,Bulbasaur (Pokémon) - Bulbapedia, the community-driven Pokémon encyclopedia,49130,1,2025-10-08T23:48:09.105Z,true,"Bulbasaur (Pokémon) From Bulbapedia, the community-driven Pokémon encyclopedia. (Redirected from Bulbasaur) Jump to navigationJump to search For Pokémon GO information on this species, see the game's ..."
https://bulbapedia.bulbagarden.net/wiki/bulbasaur#Biology,Bulbasaur (Pokémon) - Bulbapedia, the community-driven Pokémon encyclopedia,49130,1,2025-10-08T23:48:10.511Z,true,"Bulbasaur (Pokémon) From Bulbapedia, the community-driven Pokémon encyclopedia. (Redirected from Bulbasaur) Jump to navigationJump to search For Pokémon GO information on this species, see the game's ..."
https://bulbapedia.bulbagarden.net/wiki/bulbasaur#Evolution,Bulbasaur (Pokémon) - Bulbapedia, the community-driven Pokémon encyclopedia,49130,1,2025-10-08T23:48:11.823Z,true,"Bulbasaur (Pokémon) From Bulbapedia, the community-driven Pokémon encyclopedia. (Redirected from Bulbasaur) Jump to navigationJump to search For Pokémon GO information on this species, see the game's ..."
https://bulbapedia.bulbagarden.net/wiki/bulbasaur#Evolution_data,Bulbasaur (Pokémon) - Bulbapedia, the community-driven Pokémon encyclopedia,49130,2,2025-10-08T23:48:13.151Z,true,"Bulbasaur (Pokémon) From Bulbapedia, the community-driven Pokémon encyclopedia. (Redirected from Bulbasaur) Jump to navigationJump to search For Pokémon GO information on this species, see the game's ..."
https://bulbapedia.bulbagarden.net/wiki/bulbasaur_(Pok%C3%A9mon),Bulbasaur (Pokémon) - Bulbapedia, the community-driven Pokémon encyclopedia,49102,0,2025-10-08T23:48:13.518Z,true,"Bulbasaur (Pokémon) From Bulbapedia, the community-driven Pokémon encyclopedia. Jump to navigationJump to search For Pokémon GO information on this species, see the game's section. Pokémon #0002: Ivys..."
https://bulbapedia.bulbagarden.net/wiki/bulbasaur_(Pok%C3%A9mon)#column-one,Bulbasaur (Pokémon) - Bulbapedia, the community-driven Pokémon encyclopedia,49102,1,2025-10-08T23:48:14.896Z,true,"Bulbasaur (Pokémon) From Bulbapedia, the community-driven Pokémon encyclopedia. Jump to navigationJump to search For Pokémon GO information on this species, see the game's section. Pokémon #0002: Ivys..."
https://bulbapedia.bulbagarden.net/wiki/bulbasaur_(Pok%C3%A9mon)#searchInput,Bulbasaur (Pokémon) - Bulbapedia, the community-driven Pokémon encyclopedia,49102,1,2025-10-08T23:48:16.254Z,true,"Bulbasaur (Pokémon) From Bulbapedia, the community-driven Pokémon encyclopedia. Jump to navigationJump to search For Pokémon GO information on this species, see the game's section. Pokémon #0002: Ivys..."
https://bulbapedia.bulbagarden.net/wiki/bulbasaur_(Pok%C3%A9mon)#Pok%C3%A9mon_GO,Bulbasaur (Pokémon) - Bulbapedia, the community-driven Pokémon encyclopedia,49102,1,2025-10-08T23:48:17.589Z,true,"Bulbasaur (Pokémon) From Bulbapedia, the community-driven Pokémon encyclopedia. Jump to navigationJump to search For Pokémon GO information on this species, see the game's section. Pokémon #0002: Ivys..."
https://bulbapedia.bulbagarden.net/wiki/bulbasaur_(Pok%C3%A9mon)#Biology,Bulbasaur (Pokémon) - Bulbapedia, the community-driven Pokémon encyclopedia,49102,1,2025-10-08T23:48:18.966Z,true,"Bulbasaur (Pokémon) From Bulbapedia, the community-driven Pokémon encyclopedia. Jump to navigationJump to search For Pokémon GO information on this species, see the game's section. Pokémon #0002: Ivys..."
https://bulbapedia.bulbagarden.net/wiki/bulbasaur_(Pok%C3%A9mon)#Evolution,Bulbasaur (Pokémon) - Bulbapedia, the community-driven Pokémon encyclopedia,49102,1,2025-10-08T23:48:20.316Z,true,"Bulbasaur (Pokémon) From Bulbapedia, the community-driven Pokémon encyclopedia. Jump to navigationJump to search For Pokémon GO information on this species, see the game's section. Pokémon #0002: Ivys..."
https://bulbapedia.bulbagarden.net/wiki/bulbasaur_(Pok%C3%A9mon)#Evolution_data,Bulbasaur (Pokémon) - Bulbapedia, the community-driven Pokémon encyclopedia,49102,2,2025-10-08T23:48:21.628Z,true,"Bulbasaur (Pokémon) From Bulbapedia, the community-driven Pokémon encyclopedia. Jump to navigationJump to search For Pokémon GO information on this species, see the game's section. Pokémon #0002: Ivys..."
https://bulbapedia.bulbagarden.net/wiki/Special:Search?search=bulbasaur,Bulbasaur (Pokémon) - Bulbapedia, the community-driven Pokémon encyclopedia,49130,0,2025-10-08T23:48:21.968Z,true,"Bulbasaur (Pokémon) From Bulbapedia, the community-driven Pokémon encyclopedia. (Redirected from Bulbasaur) Jump to navigationJump to search For Pokémon GO information on this species, see the game's ..."
https://bulbapedia.bulbagarden.net/wiki/Special:Search?search=bulbasaur#column-one,Bulbasaur (Pokémon) - Bulbapedia, the community-driven Pokémon encyclopedia,49130,1,2025-10-08T23:48:23.364Z,true,"Bulbasaur (Pokémon) From Bulbapedia, the community-driven Pokémon encyclopedia. (Redirected from Bulbasaur) Jump to navigationJump to search For Pokémon GO information on this species, see the game's ..."
https://bulbapedia.bulbagarden.net/wiki/Special:Search?search=bulbasaur#searchInput,Bulbasaur (Pokémon) - Bulbapedia, the community-driven Pokémon encyclopedia,49130,1,2025-10-08T23:48:24.673Z,true,"Bulbasaur (Pokémon) From Bulbapedia, the community-driven Pokémon encyclopedia. (Redirected from Bulbasaur) Jump to navigationJump to search For Pokémon GO information on this species, see the game's ..."
https://bulbapedia.bulbagarden.net/wiki/Special:Search?search=bulbasaur#Pok%C3%A9mon_GO,Bulbasaur (Pokémon) - Bulbapedia, the community-driven Pokémon encyclopedia,49130,1,2025-10-08T23:48:26.029Z,true,"Bulbasaur (Pokémon) From Bulbapedia, the community-driven Pokémon encyclopedia. (Redirected from Bulbasaur) Jump to navigationJump to search For Pokémon GO information on this species, see the game's ..."
https://bulbapedia.bulbagarden.net/wiki/Special:Search?search=bulbasaur#Biology,Bulbasaur (Pokémon) - Bulbapedia, the community-driven Pokémon encyclopedia,49130,1,2025-10-08T23:48:27.358Z,true,"Bulbasaur (Pokémon) From Bulbapedia, the community-driven Pokémon encyclopedia. (Redirected from Bulbasaur) Jump to navigationJump to search For Pokémon GO information on this species, see the game's ..."
https://bulbapedia.bulbagarden.net/wiki/Special:Search?search=bulbasaur#Evolution,Bulbasaur (Pokémon) - Bulbapedia, the community-driven Pokémon encyclopedia,49130,1,2025-10-08T23:48:28.697Z,true,"Bulbasaur (Pokémon) From Bulbapedia, the community-driven Pokémon encyclopedia. (Redirected from Bulbasaur) Jump to navigationJump to search For Pokémon GO information on this species, see the game's ..."
https://bulbapedia.bulbagarden.net/wiki/Special:Search?search=bulbasaur#Evolution_data,Bulbasaur (Pokémon) - Bulbapedia, the community-driven Pokémon encyclopedia,49130,2,2025-10-08T23:48:30.032Z,true,"Bulbasaur (Pokémon) From Bulbapedia, the community-driven Pokémon encyclopedia. (Redirected from Bulbasaur) Jump to navigationJump to search For Pokémon GO information on this species, see the game's ..."
https://www.serebii.net/pokemon/bulbasaur/,Bulbasaur - #0001 - Serebii.net Pokédex,23116,0,2025-10-08T23:48:30.244Z,true,"Kanto: 001 - 151 001 Bulbasaur 002 Ivysaur 003 Venusaur 004 Charmander 005 Charmeleon 006 Charizard 007 Squirtle 008 Wartortle 009 Blastoise 010 Caterpie 011 Metapod 012 Butterfree 013 Weedle 014 Kaku..."
https://www.serebii.net/pokemon/bulbasaur/#lbar,Bulbasaur - #0001 - Serebii.net Pokédex,23116,1,2025-10-08T23:48:31.374Z,true,"Kanto: 001 - 151 001 Bulbasaur 002 Ivysaur 003 Venusaur 004 Charmander 005 Charmeleon 006 Charizard 007 Squirtle 008 Wartortle 009 Blastoise 010 Caterpie 011 Metapod 012 Butterfree 013 Weedle 014 Kaku..."
https://www.serebii.net/pokemon/bulbasaur/#rbar,Bulbasaur - #0001 - Serebii.net Pokédex,23116,1,2025-10-08T23:48:32.474Z,true,"Kanto: 001 - 151 001 Bulbasaur 002 Ivysaur 003 Venusaur 004 Charmander 005 Charmeleon 006 Charizard 007 Squirtle 008 Wartortle 009 Blastoise 010 Caterpie 011 Metapod 012 Butterfree 013 Weedle 014 Kaku..."
https://www.serebii.net/pokemon/bulbasaur/#spinoff,Bulbasaur - #0001 - Serebii.net Pokédex,23116,1,2025-10-08T23:48:33.598Z,true,"Kanto: 001 - 151 001 Bulbasaur 002 Ivysaur 003 Venusaur 004 Charmander 005 Charmeleon 006 Charizard 007 Squirtle 008 Wartortle 009 Blastoise 010 Caterpie 011 Metapod 012 Butterfree 013 Weedle 014 Kaku..."
https://www.smogon.com/dex/sv/pokemon/bulbasaur,Bulbasaur | SV | Smogon Strategy Pokedex,4955,0,2025-10-08T23:48:44.031Z,true,"In other gens: RBGSRSDPBWXYSMSSSVBulbasaurIn-battle formesTypeGrassPoisonStrongly resists:GrassResists:ElectricFairyFightingWaterWeak to:FireFlyingIcePsychicAbilitiesOvergrowAt 1/3 or less of its max ..."
https://www.smogon.com/dex/ss/pokemon/bulbasaur,Bulbasaur | SS | Smogon Strategy Pokedex,6347,0,2025-10-08T23:48:45.283Z,true,"In other gens: RBGSRSDPBWXYSMSSSVBulbasaurIn-battle formesTypeGrassPoisonStrongly resists:GrassResists:ElectricFairyFightingWaterWeak to:FireFlyingIcePsychicAbilitiesOvergrowAt 1/3 or less of its max ..."
https://www.smogon.com/dex/sm/pokemon/bulbasaur,Bulbasaur | SM | Smogon Strategy Pokedex,14227,0,2025-10-08T23:48:46.362Z,true,"In other gens: RBGSRSDPBWXYSMSSSVBulbasaurIn-battle formesTypeGrassPoisonStrongly resists:GrassResists:ElectricFairyFightingWaterWeak to:FireFlyingIcePsychicAbilitiesOvergrowAt 1/3 or less of its max ..."
https://www.smogon.com/dex/xy/pokemon/bulbasaur,Bulbasaur | XY | Smogon Strategy Pokedex,15000,0,2025-10-08T23:48:47.566Z,true,"In other gens: RBGSRSDPBWXYSMSSSVBulbasaurIn-battle formesTypeGrassPoisonStrongly resists:GrassResists:ElectricFairyFightingWaterWeak to:FireFlyingIcePsychicAbilitiesOvergrowAt 1/3 or less of its max ..."
https://www.smogon.com/dex/bw/pokemon/bulbasaur,Bulbasaur | BW | Smogon Strategy Pokedex,11079,0,2025-10-08T23:48:48.768Z,true,"In other gens: RBGSRSDPBWXYSMSSSVBulbasaurIn-battle formesTypeGrassPoisonStrongly resists:GrassResists:ElectricFightingWaterWeak to:FireFlyingIcePsychicAbilitiesOvergrowAt 1/3 or less of its max HP, t..."
https://www.smogon.com/dex/dp/pokemon/bulbasaur,Bulbasaur | DP | Smogon Strategy Pokedex,10032,0,2025-10-08T23:48:49.927Z,true,"In other gens: RBGSRSDPBWXYSMSSSVBulbasaurIn-battle formesTypeGrassPoisonStrongly resists:GrassResists:ElectricFightingWaterWeak to:FireFlyingIcePsychicAbilitiesOvergrowAt 1/3 or less of its max HP, t..."
https://www.smogon.com/dex/rs/pokemon/bulbasaur,Bulbasaur | RS | Smogon Strategy Pokedex,4287,0,2025-10-08T23:48:51.094Z,true,"In other gens: RBGSRSDPBWXYSMSSSVBulbasaurIn-battle formesTypeGrassPoisonStrongly resists:GrassResists:ElectricFightingWaterWeak to:FireFlyingIcePsychicAbilitiesOvergrowAt 1/3 or less of its max HP, t..."
https://www.smogon.com/dex/gs/pokemon/bulbasaur,Bulbasaur | GS | Smogon Strategy Pokedex,3989,0,2025-10-08T23:48:52.208Z,true,"In other gens: RBGSRSDPBWXYSMSSSVBulbasaurIn-battle formesTypeGrassPoisonStrongly resists:GrassResists:ElectricFightingWaterWeak to:FireFlyingIcePsychicTierLCHP:45Attack:49Defense:49Sp. Atk:65Sp. Def:..."
https://www.smogon.com/dex/rb/pokemon/bulbasaur,Bulbasaur | RB | Smogon Strategy Pokedex,2323,0,2025-10-08T23:48:53.393Z,true,"In other gens: RBGSRSDPBWXYSMSSSVBulbasaurIn-battle formesTypeGrassPoisonStrongly resists:GrassResists:ElectricFightingWaterWeak to:FireFlyingIcePsychicVery weak to:BugTierLCHP:45Attack:49Defense:49Sp..."
https://www.smogon.com/dex/rb/pokemon/bulbasaur/lc-level-100/,Bulbasaur | RB | Smogon Strategy Pokedex,2266,1,2025-10-08T23:48:55.505Z,true,"In other gens: RBGSRSDPBWXYSMSSSVBulbasaurIn-battle formesTypeGrassPoisonStrongly resists:GrassResists:ElectricFightingWaterWeak to:FireFlyingIcePsychicVery weak to:BugTierLCHP:45Attack:49Defense:49Sp..."
https://www.smogon.com/dex/rb/pokemon/bulbasaur/petit-cup/,Bulbasaur | RB | Smogon Strategy Pokedex,2266,1,2025-10-08T23:48:57.619Z,true,"In other gens: RBGSRSDPBWXYSMSSSVBulbasaurIn-battle formesTypeGrassPoisonStrongly resists:GrassResists:ElectricFightingWaterWeak to:FireFlyingIcePsychicVery weak to:BugTierLCHP:45Attack:49Defense:49Sp..."
https://www.smogon.com/dex/rb/pokemon/bulbasaur/poke-cup-rentals/,Bulbasaur | RB | Smogon Strategy Pokedex,3033,1,2025-10-08T23:48:59.766Z,true,"In other gens: RBGSRSDPBWXYSMSSSVBulbasaurIn-battle formesTypeGrassPoisonStrongly resists:GrassResists:ElectricFightingWaterWeak to:FireFlyingIcePsychicVery weak to:BugTierLCHP:45Attack:49Defense:49Sp..."
https://www.reddit.com/r/pokemon/search/?q=bulbasaur&type=link&sort=relevance,bulbasaur - Reddit Search!,8014,0,2025-10-08T23:49:02.711Z,true,"Show results from all of Reddit I always feel sorry for Bulbasaur being left out... r/pokemon r/pokemon r/pokemon is an unofficial Pokémon fan community. This is the place for most things Pokémon on R..."
https://www.reddit.com/r/pokemon/search/?q=bulbasaur&type=link&sort=relevance#main-content,bulbasaur - Reddit Search!,8014,1,2025-10-08T23:49:06.096Z,true,"Show results from all of Reddit I always feel sorry for Bulbasaur being left out... r/pokemon r/pokemon r/pokemon is an unofficial Pokémon fan community. This is the place for most things Pokémon on R..."
https://www.reddit.com/r/pokemongo/search/?q=bulbasaur&type=link&sort=relevance,bulbasaur - Reddit Search!,6235,0,2025-10-08T23:49:08.024Z,true,"Show results from all of Reddit Everytime I see bulbasuar I’m so disappointed he’s not the same color as in the cartoon. It’s just not the same r/pokemongo r/pokemongo Reddit's No1 subreddit for Pokem..."
https://www.reddit.com/r/pokemongo/search/?q=bulbasaur&type=link&sort=relevance#main-content,bulbasaur - Reddit Search!,6235,1,2025-10-08T23:49:10.997Z,true,"Show results from all of Reddit Everytime I see bulbasuar I’m so disappointed he’s not the same color as in the cartoon. It’s just not the same r/pokemongo r/pokemongo Reddit's No1 subreddit for Pokem..."
https://www.reddit.com/r/pokemontrades/search/?q=bulbasaur&type=link&sort=relevance,bulbasaur - Reddit Search!,9632,0,2025-10-08T23:49:12.827Z,true,"Show results from all of Reddit LF: Love Ball Bulbasaur and any HA female Roselia FT: Aprimons r/pokemontrades r/pokemontrades /r/pokemontrades is a trading community focusing on legitimate Pokémon. W..."
https://www.reddit.com/r/pokemontrades/search/?q=bulbasaur&type=link&sort=relevance#main-content,bulbasaur - Reddit Search!,9632,1,2025-10-08T23:49:16.506Z,true,"Show results from all of Reddit LF: Love Ball Bulbasaur and any HA female Roselia FT: Aprimons r/pokemontrades r/pokemontrades /r/pokemontrades is a trading community focusing on legitimate Pokémon. W..."
https://www.reddit.com/r/pokemonrng/search/?q=bulbasaur&type=link&sort=relevance,bulbasaur - Reddit Search!,11222,0,2025-10-08T23:49:18.418Z,true,"Show results from all of Reddit LeafGreen turned 20 yesterday - sharing my RNG'd Bulbasaur for the occasion r/pokemonrng r/pokemonrng RNG abuse, also referred to as RNG manipulation, is a procedure th..."
https://www.reddit.com/r/pokemonrng/search/?q=bulbasaur&type=link&sort=relevance#main-content,bulbasaur - Reddit Search!,11222,1,2025-10-08T23:49:21.133Z,true,"Show results from all of Reddit LeafGreen turned 20 yesterday - sharing my RNG'd Bulbasaur for the occasion r/pokemonrng r/pokemonrng RNG abuse, also referred to as RNG manipulation, is a procedure th..."
https://www.reddit.com/r/compokemon/search/?q=bulbasaur&type=link&sort=relevance,bulbasaur - Reddit Search!,151,0,2025-10-08T23:49:22.757Z,true,"Show results from all of Reddit Hm...we couldn’t find any results for bulbasaur Double-check your spelling or try different keywords Adjust your search..."
https://www.reddit.com/r/compokemon/search/?q=bulbasaur&type=link&sort=relevance#main-content,bulbasaur - Reddit Search!,151,1,2025-10-08T23:49:25.184Z,true,"Show results from all of Reddit Hm...we couldn’t find any results for bulbasaur Double-check your spelling or try different keywords Adjust your search..."